barcode	cluster
AAACGAGACGGTTGAT-1	2
AAACTGCTGGCTCCAA-1	1
AAATACCTATAAGCAT-1	1
AAATCGTGTACCACAA-1	1
AAATTAACGGGTAGCT-1	0
AACGATATGTCAACTG-1	1
AACGTGCGAAAGTCTC-1	2
AAGACTGCAAGCTACT-1	1
AAGAGCTCTTTATCGG-1	2
AAGAGGCATGGATCGC-1	2
AAGCTCGTGCCAAGTC-1	2
AATCGCCTCAGCGCCA-1	2
AATGACGTAGGATGTC-1	2
ACAACAGCATGAGCTA-1	1
ACAAGGGCAGGCTCTG-1	2
ACAATTTGAGCAGTGG-1	1
ACACGAGACTCCTTCT-1	1
ACACGGGAACTTAGGG-1	1
ACATCGATCGTTTACC-1	1
ACCATATCCGCAATAA-1	0
ACGCATTCGTGAGTAC-1	0
ACGCCGCTAGACGACC-1	1
ACGCGAAGTCAGACGA-1	0
ACGCGGGCCAAGGACA-1	0
ACGGCACTTGCTTGGG-1	1
ACGGCCAACATGGACT-1	1
ACGTAGATTGCTGATG-1	0
ACGTTAATGTCGAAGA-1	0
ACTCGTCAGTAATCCC-1	2
ACTCTCTGACTTAGGT-1	2
ACTCTTGTATAGTAAC-1	0
ACTGTACGATACACAT-1	1
ACTGTCCAGGATTATA-1	0
ACTGTCTTCTTTAGAA-1	1
ACTTATTAGGATCGGT-1	1
ACTTCGCCATACGCAC-1	1
ACTTGACTCCCTCTTT-1	0
AGAACGTGGTACATTC-1	1
AGATCTCAGGTGTGAT-1	1
AGATTATAGGACGTTT-1	0
AGCGTGGTATTCTACT-1	1
AGCTCTAGACGTTCCA-1	2
AGGGCTGCAGTTACAG-1	0
AGGGTTTAGTTCGGGA-1	0
AGGTTTCACACACCTT-1	0
AGTACGGGCACCTGGC-1	1
AGTTCCTATTTATGTT-1	1
ATAAACGGACCCGTAA-1	1
ATAACGCCGGAGGGTC-1	2
ATAACGGAGTCCAACG-1	1
ATAATAGCTGTTGAAT-1	0
ATACGCCGGCGAAACC-1	2
ATAGTGAAGCGTTCTC-1	0
ATATCTTAGGGCCTTC-1	0
ATATTTAACCCTCAAG-1	0
ATCAATCTGGGCTGCA-1	0
ATCATCCAATATTTGT-1	0
ATCGACCCAATACAGA-1	1
ATCTGGTTAAGACTGT-1	1
ATGCCGGTCTTGCATA-1	1
ATGCGACAGTCCCATT-1	0
ATGGAGCAGGCCGTGA-1	1
ATGTGGACATCTTGAT-1	1
ATTAAACATGCGGACC-1	0
ATTAGGCGATGCTTTC-1	2
ATTCATATACTGTCCA-1	1
CAAGAGGGCGGAGTAC-1	0
CAAGGATCGCATGTTC-1	1
CAATAAACCTTGGCCC-1	1
CAATTTCGTATAAGGG-1	2
CACAGCACCCACGGCA-1	0
CACATATTAGCAGGAT-1	0
CACATGATTCAGCAAC-1	0
CACGTTCGTGCTCTAG-1	2
CACTAAAGTTGCCTAT-1	0
CACTCAAGAGCTATGG-1	0
CAGAGACGGTCACCCA-1	1
CAGAGCATGAGCTTGC-1	1
CAGCAGCCCGTTCCTT-1	1
CAGCTCACTGAGACAT-1	0
CAGGATATATCGTTGT-1	1
CAGTCTGTATACTGGG-1	0
CATACGGCGTCTGGGC-1	1
CATATAGGTACAGTCA-1	1
CATCGGACGGGTTAAT-1	0
CATGGTAAGTAGCGTT-1	0
CCAAGAAAGTGGGCGA-1	1
CCAAGCGTAACTCGTA-1	0
CCACCCAAGGAAAGTG-1	2
CCAGCCTGGACCAATA-1	0
CCCAGTTAAGGCGCCG-1	2
CCGCACAAAGACCAAC-1	2
CCGCTATCAGCACCAG-1	0
CCGGGCGGTCTCGTCA-1	1
CCGTAAGTTGGTCCCA-1	0
CCTAAATTAACGGTTC-1	0
CCTATGGGTTACCGTC-1	1
CCTGACCACCGATGGT-1	0
CCTGTCACCCGGGCTC-1	1
CCTGTCGCCCGTAAAT-1	0
CGAGACCCTAGAGTGT-1	0
CGAGAGATGTGAACCT-1	1
CGAGGCTAAATATGGC-1	1
CGAGGGACTGCGGTCG-1	2
CGCATGGTGCGATGCT-1	1
CGCCTCCCTCCTCTAT-1	1
CGCGGGAATTAGGCAG-1	1
CGCTATTCTTAGGCTC-1	0
CGCTTTCTTGCATTCG-1	0
CGGAGCATGGCGATCC-1	1
CGGCCACGCACAAAGT-1	0
CGGGAATTTATGTAAA-1	1
CGGGCAGCTAAACCGC-1	0
CGGGCCTTCTTTGTAA-1	1
CGGTCAAGTGGGAACC-1	1
CGTATTAAGAGATCTA-1	0
CGTGAAGTTAATTCAC-1	0
CGTGCAGACTGGGACA-1	2
CGTGCCCTCCCGAAGA-1	2
CGTTGAGCGACCGTCG-1	0
CTAAAGGGAAATAGGA-1	0
CTAAGGGAATGATTGG-1	1
CTACGCACGGAGTACC-1	0
CTAGATTTACGACGGC-1	0
CTAGCATAGTATAATG-1	0
CTAGTCACGTCTTAAG-1	0
CTATCGGGTCTCAACA-1	2
CTATGTCACTAGCCCA-1	1
CTATTCATGTGTCCCA-1	1
CTATTTGGTTACGGAT-1	2
CTCGGTACCACTGCTC-1	2
CTCTCACAATCGATGA-1	1
CTCTGGACGCCTGGTG-1	0
CTGAATCCGAGACCTC-1	0
CTGCCATGCATCACAT-1	1
CTGGCTGGTTGTCAGT-1	1
CTGGGTAGGCAGTTAA-1	2
CTGTGCAGGGTAGGTC-1	1
CTGTTACCCAATCTAG-1	0
CTTCATTGTCAGTGGA-1	0
CTTGCCCAGGCTCTAC-1	0
CTTGTTGCTGAGTCAA-1	0
CTTTAGTGCTATTATT-1	0
GAAATTGTCTCTATAA-1	1
GAAGCGTGAGGAATTT-1	0
GAAGTCAGTTGCACTA-1	1
GAATCTGAACATTCTC-1	0
GAATGTGGTCCGGATT-1	2
GAATTATAGTGAAAGG-1	0
GAATTCACCCGGGTGT-1	0
GACAACGACCATTGAA-1	1
GACACAAGGGAAGAAA-1	1
GACCGTGCTGACGGTG-1	1
GAGACTTCGCGACCGA-1	1
GAGATCTGTCACTCCG-1	1
GAGATCTTCCATGACA-1	2
GAGCTAAGGGCATATC-1	0
GAGTCCGCTTACCGGA-1	1
GATAGGTAACGTTGAC-1	0
GATATGAGACACTAAC-1	0
GATCATTCCAAACATT-1	0
GATCCGGGAATTAACA-1	2
GATCGCGGGCTCTCCA-1	0
GATCGGTGGCCATAAC-1	1
GATCGTGACTGATATC-1	2
GATCTTGGAGGGCATA-1	1
GATGCGTCCTGCATTC-1	0
GATGCTGTATTTCATC-1	0
GATTCGACGGTTCACG-1	0
GCAGATTAGGGATATC-1	0
GCATAGAGCACTCAGG-1	0
GCCCGTAATACCTTCT-1	1
GCCGATTGGCCAAGCT-1	0
GCCGGGTTAGGGTCGC-1	0
GCGAAGCCATACCCGT-1	0
GCGACGATAGTTGTAC-1	0
GCGAGTTCTGCAAAGA-1	0
GCGATTGTTAACGTTA-1	2
GCGCCGTTCCACGATA-1	0
GCGCTAATTGAATAGA-1	0
GCTAAGTAGTTTCTCT-1	2
GCTACGACTTATTGGG-1	1
GCTAGTAGAGCTTGTA-1	1
GCTGAGGCGTGAGTAT-1	1
GCTGCACGGTTTCTTA-1	2
GCTGCTCTCCGGACAC-1	0
GCTTCCGTCCCTAGAC-1	1
GGAATGCGCTAGCGTG-1	2
GGAGACGACACCTTTG-1	1
GGAGGGCTTGGTTGGC-1	0
GGATCCGGAATATACT-1	2
GGATTTCACTTCTATA-1	2
GGCAAATTACTTTACT-1	1
GGCAAGGCGAAATAGC-1	1
GGCAATAGTCAATGAG-1	1
GGCGCATGAATTGATG-1	1
GGCGCGTTCGAGTTTA-1	1
GGCGGTAGGATCATTG-1	1
GGCTCTGCTCCAACGC-1	1
GGGACTGCATAGATAG-1	0
GGGAGAACTCACAGTA-1	0
GGGAGGATGCCCGAAA-1	1
GGGAGTTAATGAGGCG-1	0
GGGCCCGTCTTAAACA-1	1
GGGCTGCCTAGGGCGA-1	0
GGGTGACACCTTAACT-1	0
GGTACAAACATGCTAT-1	1
GGTAGTGCTCGCACCA-1	0
GGTATTGCCGAGTTTA-1	0
GGTCAGTGGGTCCCAC-1	0
GGTCGGCCAGGAGCTT-1	2
GGTCTGAGAATCTGGA-1	1
GGTGATAAGGAGCAGT-1	2
GGTTTACAATCTCAAT-1	1
GTAAGTAACAGTCTGG-1	2
GTACACTTACCTGAAG-1	0
GTACAGAGGCAAGGGT-1	2
GTACGCTTCATTGCAC-1	0
GTACGTTTGCCCGTCA-1	1
GTACTGGAGTTAGACC-1	2
GTAGCGGCTATACACT-1	1
GTATCTTTCATAACCA-1	1
GTCAAGCGGACTCGGG-1	2
GTCATTAGAGCGAACG-1	0
GTCCCAACGTAAAGTA-1	0
GTCGCGTAACCCGTTG-1	2
GTCGTACCATCTCGGG-1	1
GTCGTTATTCGCTTAT-1	2
GTGAGGACACTTAAGG-1	2
GTGAGTGGTACAACGC-1	1
GTGATCATAGATCTGC-1	0
GTGCTCAAGTACTGTC-1	0
GTGTACCTTGGCTACG-1	1
GTGTGAATAACTTAGG-1	2
GTGTTACTATGCGTCC-1	2
GTTACCTACAACTTGC-1	1
GTTATATTATCTCCCT-1	0
GTTCGCCATAAGTGCC-1	0
GTTTCTGCAGTCTCCC-1	2
GTTTGACCAAATCCTA-1	0
GTTTGGCCCAAGTTAT-1	2
GTTTGGTAGGGTCAAC-1	1
TAACATACAATGTGGG-1	0
TACATAGGCATACACC-1	0
TACATTTCTAACGTGC-1	0
TACCGGCTCACTGCCC-1	0
TACGACGCTTGCTGCG-1	0
TACGACTGCCTCTTAG-1	1
TACGCCATATTCTAAT-1	0
TAGAAAGGTGGCGCTA-1	0
TAGCGTTGGGTCTTAC-1	1
TAGCTAGAAGGCATGA-1	0
TAGGTTCGAGTTCGTC-1	0
TAGTCCGCAGAGAATG-1	1
TATCTACCACAGCGGG-1	0
TATGGGACCGAGCAGG-1	0
TATGGGTACGTATCGT-1	0
TATGGTCTGAGTAACA-1	0
TATGTCTCATTGTGCC-1	1
TATTCAATTCTAATCC-1	0
TATTCGTGCCAGAATA-1	0
TCAAACTTAGATTGTT-1	0
TCAACGAGGAGACAAA-1	0
TCACAGCAAACTCGAA-1	0
TCACCCTCTTAAGATT-1	0
TCACGTGCCCGATTCA-1	0
TCAGCAAATGCATCTC-1	1
TCAGGGTGTAACGTAA-1	1
TCCACTTTATCTAGGT-1	0
TCCAGAGCACCGGTTC-1	0
TCCAGGCGAGTACGGT-1	0
TCCCAGCTTTAGTCTG-1	0
TCCCGCGTACTCCTGG-1	1
TCCCGTGTGCAATTTG-1	2
TCCGCGGCAGCATCTG-1	2
TCCGGTTCGTCCGGTC-1	0
TCCTCGGGCTGGGCTT-1	2
TCCTTTCTTACGCTTA-1	0
TCGAGACCAACACCGT-1	0
TCGGACGCCCAGCCCA-1	2
TCGGAGTACATGAGTA-1	1
TCGTAAGACGACATTG-1	1
TCGTTAGGAGTCCCTA-1	1
TCTAGTTATCAGAAGA-1	0
TCTGCCAGAAACTGCA-1	2
TCTGTGCCATCATAGT-1	2
TCTTCGAATAGACGTT-1	0
TCTTCGATACCAATAA-1	0
TCTTGATGCGTAGCGA-1	0
TGAAAGGACCTGACTC-1	2
TGACTATAATCCTTTC-1	1
TGAGTAAATTAGCGTA-1	1
TGAGTGGTCCGTGACG-1	0
TGCATGTGGTAATCTA-1	0
TGCCCGTACCGTTAAA-1	2
TGCGCAAAGCATTTGG-1	1
TGCGTTTGTTGACACT-1	2
TGCTGTTGAAGAACTC-1	0
TGGACTGTTCGCTCAA-1	2
TGGCAGATTACGATCA-1	0
TGGCAGCAGTAATAGT-1	0
TGGCCAAACTGAAGTA-1	1
TGGCGATCAAGTTATG-1	1
TGTACGAACAAATCCG-1	0
TGTATAACAGATCCTG-1	1
TGTTCGTATTGCGGTG-1	0
TTAATGTAGACCAGGT-1	1
TTACTCCGGCCGGGAA-1	2
TTATATACGCTGTCAC-1	2
TTATGAATGAAAGGGA-1	0
TTATGATCTTAACGAA-1	2
TTATTAGAGCGTGTTC-1	1
TTCAAAGTCTCTAGCC-1	2
TTCACGAAAGGATCAC-1	0
TTCCGCGTGAGGCGAT-1	0
TTCGGGACTAATCGCG-1	2
TTCTGCGGGTTAGCGG-1	2
TTGAATATGGACTTTC-1	2
TTGACCATGTTCTCCG-1	1
TTGCACAATTCAGAAA-1	0
TTGCTGATCATGTTCG-1	0
TTGGATATCGTCTACG-1	0
TTGGGACACTGCCCGC-1	1
TTGGGCGGCGGTTGCC-1	1
TTGTAAGGCCAGTTGG-1	1
TTGTAATCCGTACTCG-1	0
TTGTGTTTCCCGAAAG-1	1
TTGTTGTGTGTCAAGA-1	1
